uid,namedLocation,domainID,siteID,plotID,plotType,pointID,nlcdClass,decimalLatitude,decimalLongitude,geodeticDatum,coordinateUncertainty,elevation,elevationUncertainty,startDate,samplingImpracticalRemarks,samplingImpractical,eventID,startCloudCoverPercentage,endCloudCoverPercentage,startRH,endRH,observedHabitat,observedAirTemp,kmPerHourObservedWindSpeed,laboratoryName,samplingProtocolVersion,remarks,measuredBy
"a983adfd-8b73-4495-b24b-0fa351e1b0d6","BART_012.birdGrid.brd","D01","BART","BART_012","distributed","9","deciduousForest",44.047818,-71.315729,"WGS84",250.4,587.5,0.4,"2021-06-19T09:56Z",,"OK","BART_012.9.2021-06-19",100,88,81,74,"mixed deciduous/evergreen forest",16,1,"Bird Conservancy of the Rockies","NEON.DOC.014041vK","UNBI @ 012-9 AMRE? Ascending; 012-08 - Light rain pick up after pt.; UNBI @ 12-07 very fast drum; Grouse sounds upon pulling car up near 12-9; *Quiet downward whistle almost nestling like NOT sure if AMRO->(it's a VEER***); UNBI 12-06 #6 OVEN in response to BLJA? 2 REVI starting mobbing/012-03 BCCH @ pt. soft singing;","JGLAG"
"9060e6e0-8d33-4580-bc11-bbd383d184fc","BART_012.birdGrid.brd","D01","BART","BART_012","distributed","8","deciduousForest",44.047818,-71.315729,"WGS84",250.4,587.5,0.4,"2021-06-19T10:29Z",,"OK","BART_012.8.2021-06-19",100,88,81,74,"deciduous forest",17,3,"Bird Conservancy of the Rockies","NEON.DOC.014041vK","UNBI @ 012-9 AMRE? Ascending; 012-08 - Light rain pick up after pt.; UNBI @ 12-07 very fast drum; Grouse sounds upon pulling car up near 12-9; *Quiet downward whistle almost nestling like NOT sure if AMRO->(it's a VEER***); UNBI 12-06 #6 OVEN in response to BLJA? 2 REVI starting mobbing/012-03 BCCH @ pt. soft singing;","JGLAG"
"7d3d1e71-f6c4-44cd-8a70-6b8ffc825a2b","BART_012.birdGrid.brd","D01","BART","BART_012","distributed","7","deciduousForest",44.047818,-71.315729,"WGS84",250.4,587.5,0.4,"2021-06-19T10:49Z",,"OK","BART_012.7.2021-06-19",100,88,81,74,"deciduous forest",17,0,"Bird Conservancy of the Rockies","NEON.DOC.014041vK","UNBI @ 012-9 AMRE? Ascending; 012-08 - Light rain pick up after pt.; UNBI @ 12-07 very fast drum; Grouse sounds upon pulling car up near 12-9; *Quiet downward whistle almost nestling like NOT sure if AMRO->(it's a VEER***); UNBI 12-06 #6 OVEN in response to BLJA? 2 REVI starting mobbing/012-03 BCCH @ pt. soft singing;","JGLAG"
"bfefacba-653e-47fb-ae84-47c3b29694a3","BART_012.birdGrid.brd","D01","BART","BART_012","distributed","4","deciduousForest",44.047818,-71.315729,"WGS84",250.4,587.5,0.4,"2021-06-19T11:15Z",,"OK","BART_012.4.2021-06-19",100,88,81,74,"deciduous forest",16,2,"Bird Conservancy of the Rockies","NEON.DOC.014041vK","UNBI @ 012-9 AMRE? Ascending; 012-08 - Light rain pick up after pt.; UNBI @ 12-07 very fast drum; Grouse sounds upon pulling car up near 12-9; *Quiet downward whistle almost nestling like NOT sure if AMRO->(it's a VEER***); UNBI 12-06 #6 OVEN in response to BLJA? 2 REVI starting mobbing/012-03 BCCH @ pt. soft singing;","JGLAG"
"1a60eac3-d9cd-4270-a328-1b562b7333b0","BART_012.birdGrid.brd","D01","BART","BART_012","distributed","1","deciduousForest",44.047818,-71.315729,"WGS84",250.4,587.5,0.4,"2021-06-19T11:48Z",,"OK","BART_012.1.2021-06-19",100,88,81,74,"deciduous forest",18,1,"Bird Conservancy of the Rockies","NEON.DOC.014041vK","UNBI @ 012-9 AMRE? Ascending; 012-08 - Light rain pick up after pt.; UNBI @ 12-07 very fast drum; Grouse sounds upon pulling car up near 12-9; *Quiet downward whistle almost nestling like NOT sure if AMRO->(it's a VEER***); UNBI 12-06 #6 OVEN in response to BLJA? 2 REVI starting mobbing/012-03 BCCH @ pt. soft singing;","JGLAG"
"f37ddeaa-e976-423c-9caa-69c03f8637b4","BART_012.birdGrid.brd","D01","BART","BART_012","distributed","2","deciduousForest",44.047818,-71.315729,"WGS84",250.4,587.5,0.4,"2021-06-19T12:13Z",,"OK","BART_012.2.2021-06-19",100,88,81,74,"deciduous forest",18,2,"Bird Conservancy of the Rockies","NEON.DOC.014041vK","UNBI @ 012-9 AMRE? Ascending; 012-08 - Light rain pick up after pt.; UNBI @ 12-07 very fast drum; Grouse sounds upon pulling car up near 12-9; *Quiet downward whistle almost nestling like NOT sure if AMRO->(it's a VEER***); UNBI 12-06 #6 OVEN in response to BLJA? 2 REVI starting mobbing/012-03 BCCH @ pt. soft singing;","JGLAG"
"59a93d30-92d7-461d-b1ad-0df59edfec50","BART_012.birdGrid.brd","D01","BART","BART_012","distributed","5","deciduousForest",44.047818,-71.315729,"WGS84",250.4,587.5,0.4,"2021-06-19T12:36Z",,"OK","BART_012.5.2021-06-19",100,88,81,74,"deciduous forest",18,1,"Bird Conservancy of the Rockies","NEON.DOC.014041vK","UNBI @ 012-9 AMRE? Ascending; 012-08 - Light rain pick up after pt.; UNBI @ 12-07 very fast drum; Grouse sounds upon pulling car up near 12-9; *Quiet downward whistle almost nestling like NOT sure if AMRO->(it's a VEER***); UNBI 12-06 #6 OVEN in response to BLJA? 2 REVI starting mobbing/012-03 BCCH @ pt. soft singing;","JGLAG"
"21fbd26d-c857-47ad-aff5-d33ce9631b3b","BART_012.birdGrid.brd","D01","BART","BART_012","distributed","6","deciduousForest",44.047818,-71.315729,"WGS84",250.4,587.5,0.4,"2021-06-19T13:00Z",,"OK","BART_012.6.2021-06-19",100,88,81,74,"deciduous forest",20,0,"Bird Conservancy of the Rockies","NEON.DOC.014041vK","UNBI @ 012-9 AMRE? Ascending; 012-08 - Light rain pick up after pt.; UNBI @ 12-07 very fast drum; Grouse sounds upon pulling car up near 12-9; *Quiet downward whistle almost nestling like NOT sure if AMRO->(it's a VEER***); UNBI 12-06 #6 OVEN in response to BLJA? 2 REVI starting mobbing/012-03 BCCH @ pt. soft singing;","JGLAG"
"aa5e8e7f-73ec-4c7a-9b47-aeb77459f380","BART_012.birdGrid.brd","D01","BART","BART_012","distributed","3","deciduousForest",44.047818,-71.315729,"WGS84",250.4,587.5,0.4,"2021-06-19T13:35Z",,"OK","BART_012.3.2021-06-19",100,88,81,74,"deciduous forest",20,0,"Bird Conservancy of the Rockies","NEON.DOC.014041vK","UNBI @ 012-9 AMRE? Ascending; 012-08 - Light rain pick up after pt.; UNBI @ 12-07 very fast drum; Grouse sounds upon pulling car up near 12-9; *Quiet downward whistle almost nestling like NOT sure if AMRO->(it's a VEER***); UNBI 12-06 #6 OVEN in response to BLJA? 2 REVI starting mobbing/012-03 BCCH @ pt. soft singing;","JGLAG"
"a63faa97-fb8e-416c-93c4-9cdd738fe0e2","BART_018.birdGrid.brd","D01","BART","BART_018","distributed","6","mixedForest",44.059971,-71.277901,"WGS84",250.1,297.2,0.2,"2021-06-20T09:16Z",,"OK","BART_018.6.2021-06-20",13,,79,,"mixed deciduous/evergreen forest",16,0,"Bird Conservancy of the Rockies","NEON.DOC.014041vK",,"JGLAG"
"75126311-033b-429d-8ee8-2c1a860f2150","BART_004.birdGrid.brd","D01","BART","BART_004","distributed","3","mixedForest",44.041220,-71.287007,"WGS84",250.2,526.3,0.5,"2021-06-20T10:12Z",,"OK","BART_004.3.2021-06-20",13,,79,,"mixed deciduous/evergreen forest",18,0,"Bird Conservancy of the Rockies","NEON.DOC.014041vK","004-04 BLBW fem + BTBW male had a spat; *004-05 constant chipping. Don't think it ever sang. I suspect possible fledgling; 004-08 WOTH singing at pt during data but b/f count; 004-03 suspect OVEN - they were chasing a mink or fisher","JGLAG"
"58ea1487-ba65-46ad-b05b-a9e9c8b06ef4","BART_004.birdGrid.brd","D01","BART","BART_004","distributed","2","mixedForest",44.041220,-71.287007,"WGS84",250.2,526.3,0.5,"2021-06-20T10:32Z",,"OK","BART_004.2.2021-06-20",13,,79,,"mixed deciduous/evergreen forest",19,0,"Bird Conservancy of the Rockies","NEON.DOC.014041vK","004-04 BLBW fem + BTBW male had a spat; *004-05 constant chipping. Don't think it ever sang. I suspect possible fledgling; 004-08 WOTH singing at pt during data but b/f count; 004-03 suspect OVEN - they were chasing a mink or fisher","JGLAG"
"24371d9f-2a40-4165-b2f6-6d08043c92b9","BART_004.birdGrid.brd","D01","BART","BART_004","distributed","1","mixedForest",44.041220,-71.287007,"WGS84",250.2,526.3,0.5,"2021-06-20T10:53Z",,"OK","BART_004.1.2021-06-20",13,,79,,"deciduous forest",17,2,"Bird Conservancy of the Rockies","NEON.DOC.014041vK","004-04 BLBW fem + BTBW male had a spat; *004-05 constant chipping. Don't think it ever sang. I suspect possible fledgling; 004-08 WOTH singing at pt during data but b/f count; 004-03 suspect OVEN - they were chasing a mink or fisher","JGLAG"
"81426c59-f8d6-4cb6-a028-591b82d1bfc1","BART_004.birdGrid.brd","D01","BART","BART_004","distributed","4","mixedForest",44.041220,-71.287007,"WGS84",250.2,526.3,0.5,"2021-06-20T11:17Z",,"OK","BART_004.4.2021-06-20",13,,79,,"mixed deciduous/evergreen forest",19,0,"Bird Conservancy of the Rockies","NEON.DOC.014041vK","004-04 BLBW fem + BTBW male had a spat; *004-05 constant chipping. Don't think it ever sang. I suspect possible fledgling; 004-08 WOTH singing at pt during data but b/f count; 004-03 suspect OVEN - they were chasing a mink or fisher","JGLAG"
"1e5c049c-7803-488c-bdaf-8a3dada0f7d3","BART_004.birdGrid.brd","D01","BART","BART_004","distributed","5","mixedForest",44.041220,-71.287007,"WGS84",250.2,526.3,0.5,"2021-06-20T11:46Z",,"OK","BART_004.5.2021-06-20",13,,79,,"mixed deciduous/evergreen forest",19,0,"Bird Conservancy of the Rockies","NEON.DOC.014041vK","004-04 BLBW fem + BTBW male had a spat; *004-05 constant chipping. Don't think it ever sang. I suspect possible fledgling; 004-08 WOTH singing at pt during data but b/f count; 004-03 suspect OVEN - they were chasing a mink or fisher","JGLAG"
"783c26c2-1666-4782-a62f-d0f2d12b5ad2","BART_004.birdGrid.brd","D01","BART","BART_004","distributed","6","mixedForest",44.041220,-71.287007,"WGS84",250.2,526.3,0.5,"2021-06-20T12:15Z",,"OK","BART_004.6.2021-06-20",13,,79,,"mixed deciduous/evergreen forest",20,0,"Bird Conservancy of the Rockies","NEON.DOC.014041vK","004-04 BLBW fem + BTBW male had a spat; *004-05 constant chipping. Don't think it ever sang. I suspect possible fledgling; 004-08 WOTH singing at pt during data but b/f count; 004-03 suspect OVEN - they were chasing a mink or fisher","JGLAG"
"ebf3b02a-c630-4d49-9fd4-dd5d075279aa","BART_004.birdGrid.brd","D01","BART","BART_004","distributed","9","mixedForest",44.041220,-71.287007,"WGS84",250.2,526.3,0.5,"2021-06-20T12:40Z",,"OK","BART_004.9.2021-06-20",13,,79,,"deciduous forest",20,1,"Bird Conservancy of the Rockies","NEON.DOC.014041vK","004-04 BLBW fem + BTBW male had a spat; *004-05 constant chipping. Don't think it ever sang. I suspect possible fledgling; 004-08 WOTH singing at pt during data but b/f count; 004-03 suspect OVEN - they were chasing a mink or fisher","JGLAG"
"06673369-f89b-4bea-b683-f0fdcb7bc861","BART_004.birdGrid.brd","D01","BART","BART_004","distributed","8","mixedForest",44.041220,-71.287007,"WGS84",250.2,526.3,0.5,"2021-06-20T13:04Z",,"OK","BART_004.8.2021-06-20",13,,79,,"deciduous forest",20,2,"Bird Conservancy of the Rockies","NEON.DOC.014041vK","004-04 BLBW fem + BTBW male had a spat; *004-05 constant chipping. Don't think it ever sang. I suspect possible fledgling; 004-08 WOTH singing at pt during data but b/f count; 004-03 suspect OVEN - they were chasing a mink or fisher","JGLAG"
"aec76b9e-27ff-4fb6-84e5-4c3e539be23d","BART_004.birdGrid.brd","D01","BART","BART_004","distributed","7","mixedForest",44.041220,-71.287007,"WGS84",250.2,526.3,0.5,"2021-06-20T13:25Z",,"OK","BART_004.7.2021-06-20",13,,79,,"mixed deciduous/evergreen forest",20,2,"Bird Conservancy of the Rockies","NEON.DOC.014041vK","004-04 BLBW fem + BTBW male had a spat; *004-05 constant chipping. Don't think it ever sang. I suspect possible fledgling; 004-08 WOTH singing at pt during data but b/f count; 004-03 suspect OVEN - they were chasing a mink or fisher","JGLAG"
"b5d07371-07da-4f0a-a09a-d6dd1481173b","BART_018.birdGrid.brd","D01","BART","BART_018","distributed","1","mixedForest",44.059971,-71.277901,"WGS84",250.1,297.2,0.2,"2021-06-21T09:03Z",,"OK","BART_018.1.2021-06-21",25,63,75,100,"deciduous forest",16,0,"Bird Conservancy of the Rockies","NEON.DOC.014041vK","*UNBI @ 018-01 one long downward 'Whooo' Barred or Great; *UNBI @ 018-05 small warbler-like in pine","JGLAG"
"40c599cf-bd59-4ef7-8bf1-f44c0164ad5a","BART_018.birdGrid.brd","D01","BART","BART_018","distributed","5","mixedForest",44.059971,-71.277901,"WGS84",250.1,297.2,0.2,"2021-06-21T09:30Z",,"OK","BART_018.5.2021-06-21",25,63,75,100,"deciduous forest",18,0,"Bird Conservancy of the Rockies","NEON.DOC.014041vK","*UNBI @ 018-01 one long downward 'Whooo' Barred or Great; *UNBI @ 018-05 small warbler-like in pine","JGLAG"
"1011e1a5-0650-4fb8-812a-9ecea7245ddf","BART_018.birdGrid.brd","D01","BART","BART_018","distributed","9","mixedForest",44.059971,-71.277901,"WGS84",250.1,297.2,0.2,"2021-06-21T09:50Z",,"OK","BART_018.9.2021-06-21",25,63,75,100,"mixed deciduous/evergreen forest",16,0,"Bird Conservancy of the Rockies","NEON.DOC.014041vK","*UNBI @ 018-01 one long downward 'Whooo' Barred or Great; *UNBI @ 018-05 small warbler-like in pine","JGLAG"
"741dd1a9-e4a1-4c96-af7d-1440904de755","BART_015.birdGrid.brd","D01","BART","BART_015","distributed","1","mixedForest",44.042644,-71.273028,"WGS84",250.2,437.2,0.2,"2021-06-21T10:11Z",,"OK","BART_015.1.2021-06-21",25,63,75,100,"deciduous forest",17,0,"Bird Conservancy of the Rockies","NEON.DOC.014041vK","015-04 along trail and near river; 015-07 a little more DF side; 015-07 along trail prior to pt. saw a BTNW (unknown sex) + BTBW fem seemed to copulate or fight??; 015-07 BLBW@#5 actually detected visually first at #4 but don't think it was UNBI, UNBI may be a BTNW which began singing after pt.; 015-08 Light rain, darker RAIN real dark went to car; 015-09 Uphill from stream; 015-09 Large bird flush from ground to tree above stream upon approach never got ID but think birds were mobbing it during","JGLAG"
"ece3d380-ab3b-4043-80a2-704504f76318","BART_015.birdGrid.brd","D01","BART","BART_015","distributed","4","mixedForest",44.042644,-71.273028,"WGS84",250.2,437.2,0.2,"2021-06-21T10:31Z",,"OK","BART_015.4.2021-06-21",25,63,75,100,"mixed deciduous/evergreen forest",19,0,"Bird Conservancy of the Rockies","NEON.DOC.014041vK","015-04 along trail and near river; 015-07 a little more DF side; 015-07 along trail prior to pt. saw a BTNW (unknown sex) + BTBW fem seemed to copulate or fight??; 015-07 BLBW@#5 actually detected visually first at #4 but don't think it was UNBI, UNBI may be a BTNW which began singing after pt.; 015-08 Light rain, darker RAIN real dark went to car; 015-09 Uphill from stream; 015-09 Large bird flush from ground to tree above stream upon approach never got ID but think birds were mobbing it during","JGLAG"
"dd7160f2-5636-4552-9be6-84626ce6b25c","BART_015.birdGrid.brd","D01","BART","BART_015","distributed","7","mixedForest",44.042644,-71.273028,"WGS84",250.2,437.2,0.2,"2021-06-21T10:53Z",,"OK","BART_015.7.2021-06-21",25,63,75,100,"mixed deciduous/evergreen forest",19,0,"Bird Conservancy of the Rockies","NEON.DOC.014041vK","015-04 along trail and near river; 015-07 a little more DF side; 015-07 along trail prior to pt. saw a BTNW (unknown sex) + BTBW fem seemed to copulate or fight??; 015-07 BLBW@#5 actually detected visually first at #4 but don't think it was UNBI, UNBI may be a BTNW which began singing after pt.; 015-08 Light rain, darker RAIN real dark went to car; 015-09 Uphill from stream; 015-09 Large bird flush from ground to tree above stream upon approach never got ID but think birds were mobbing it during","JGLAG"
"218b815d-9675-4051-90f2-21eaa6eafcd3","BART_015.birdGrid.brd","D01","BART","BART_015","distributed","8","mixedForest",44.042644,-71.273028,"WGS84",250.2,437.2,0.2,"2021-06-21T12:34Z",,"OK","BART_015.8.2021-06-21",25,63,75,100,"deciduous forest",19,0,"Bird Conservancy of the Rockies","NEON.DOC.014041vK","015-04 along trail and near river; 015-07 a little more DF side; 015-07 along trail prior to pt. saw a BTNW (unknown sex) + BTBW fem seemed to copulate or fight??; 015-07 BLBW@#5 actually detected visually first at #4 but don't think it was UNBI, UNBI may be a BTNW which began singing after pt.; 015-08 Light rain, darker RAIN real dark went to car; 015-09 Uphill from stream; 015-09 Large bird flush from ground to tree above stream upon approach never got ID but think birds were mobbing it during","JGLAG"
"550e5b99-5a87-4907-bd8a-67adce24ec89","BART_015.birdGrid.brd","D01","BART","BART_015","distributed","9","mixedForest",44.042644,-71.273028,"WGS84",250.2,437.2,0.2,"2021-06-21T12:56Z",,"OK","BART_015.9.2021-06-21",25,63,75,100,"mixed deciduous/evergreen forest",19,0,"Bird Conservancy of the Rockies","NEON.DOC.014041vK","015-04 along trail and near river; 015-07 a little more DF side; 015-07 along trail prior to pt. saw a BTNW (unknown sex) + BTBW fem seemed to copulate or fight??; 015-07 BLBW@#5 actually detected visually first at #4 but don't think it was UNBI, UNBI may be a BTNW which began singing after pt.; 015-08 Light rain, darker RAIN real dark went to car; 015-09 Uphill from stream; 015-09 Large bird flush from ground to tree above stream upon approach never got ID but think birds were mobbing it during","JGLAG"
"51faf141-792a-46a9-9000-ce3cd126ece3","BART_015.birdGrid.brd","D01","BART","BART_015","distributed","6","mixedForest",44.042644,-71.273028,"WGS84",250.2,437.2,0.2,"2021-06-21T13:21Z",,"OK","BART_015.6.2021-06-21",25,63,75,100,"mixed deciduous/evergreen forest",19,1,"Bird Conservancy of the Rockies","NEON.DOC.014041vK","015-04 along trail and near river; 015-07 a little more DF side; 015-07 along trail prior to pt. saw a BTNW (unknown sex) + BTBW fem seemed to copulate or fight??; 015-07 BLBW@#5 actually detected visually first at #4 but don't think it was UNBI, UNBI may be a BTNW which began singing after pt.; 015-08 Light rain, darker RAIN real dark went to car; 015-09 Uphill from stream; 015-09 Large bird flush from ground to tree above stream upon approach never got ID but think birds were mobbing it during","JGLAG"
"2a4a4249-c81d-4c77-ac5a-cc5c689acef7","BART_015.birdGrid.brd","D01","BART","BART_015","distributed","3","mixedForest",44.042644,-71.273028,"WGS84",250.2,437.2,0.2,"2021-06-21T13:40Z",,"OK","BART_015.3.2021-06-21",25,63,75,100,"mixed deciduous/evergreen forest",19,0,"Bird Conservancy of the Rockies","NEON.DOC.014041vK","015-04 along trail and near river; 015-07 a little more DF side; 015-07 along trail prior to pt. saw a BTNW (unknown sex) + BTBW fem seemed to copulate or fight??; 015-07 BLBW@#5 actually detected visually first at #4 but don't think it was UNBI, UNBI may be a BTNW which began singing after pt.; 015-08 Light rain, darker RAIN real dark went to car; 015-09 Uphill from stream; 015-09 Large bird flush from ground to tree above stream upon approach never got ID but think birds were mobbing it during","JGLAG"
"b69e770f-7a0f-49d3-ac72-2ff52e88f461","BART_015.birdGrid.brd","D01","BART","BART_015","distributed","2","mixedForest",44.042644,-71.273028,"WGS84",250.2,437.2,0.2,"2021-06-21T13:54Z",,"OK","BART_015.2.2021-06-21",25,63,75,100,"other",,,"Bird Conservancy of the Rockies","NEON.DOC.014041vK","015-04 along trail and near river; 015-07 a little more DF side; 015-07 along trail prior to pt. saw a BTNW (unknown sex) + BTBW fem seemed to copulate or fight??; 015-07 BLBW@#5 actually detected visually first at #4 but don't think it was UNBI, UNBI may be a BTNW which began singing after pt.; 015-08 Light rain, darker RAIN real dark went to car; 015-09 Uphill from stream; 015-09 Large bird flush from ground to tree above stream upon approach never got ID but think birds were mobbing it during","JGLAG"
"2234c9b4-0a29-40b8-aed2-1bd4c0a8cfec","BART_015.birdGrid.brd","D01","BART","BART_015","distributed","5","mixedForest",44.042644,-71.273028,"WGS84",250.2,437.2,0.2,"2021-06-22T11:39Z",,"OK","BART_015.5.2021-06-22",100,100,87,90,"mixed deciduous/evergreen forest",21,0,"Bird Conservancy of the Rockies","NEON.DOC.014041vK","RH/Clouds @8:00 after 015-05 89.6/100","JGLAG"
"d1bc9a58-d63c-46b2-b3e8-2b33dbbc83e1","BART_018.birdGrid.brd","D01","BART","BART_018","distributed","4","mixedForest",44.059971,-71.277901,"WGS84",250.1,297.2,0.2,"2021-06-22T12:28Z",,"OK","BART_018.4.2021-06-22",100,100,90,99,"mixed deciduous/evergreen forest",21,0,"Bird Conservancy of the Rockies","NEON.DOC.014041vK","018-07 ***Thrush is UNBI @ min 2, *first UNBI @min 1 is possibly BHVI;**Second UNBI @min 1 is woodpecker; 018-08 *UNBI @min 6 possibly TUTI","JGLAG"
"00927156-767a-438c-a933-3885ac633cfd","BART_018.birdGrid.brd","D01","BART","BART_018","distributed","7","mixedForest",44.059971,-71.277901,"WGS84",250.1,297.2,0.2,"2021-06-22T12:49Z",,"OK","BART_018.7.2021-06-22",100,100,90,99,"mixed deciduous/evergreen forest",22,0,"Bird Conservancy of the Rockies","NEON.DOC.014041vK","018-07 ***Thrush is UNBI @ min 2, *first UNBI @min 1 is possibly BHVI;**Second UNBI @min 1 is woodpecker; 018-08 *UNBI @min 6 possibly TUTI","JGLAG"
"71418359-746e-4745-8fc7-a618b2f9bed4","BART_018.birdGrid.brd","D01","BART","BART_018","distributed","8","mixedForest",44.059971,-71.277901,"WGS84",250.1,297.2,0.2,"2021-06-22T13:14Z",,"OK","BART_018.8.2021-06-22",100,100,90,99,"deciduous forest",21,0,"Bird Conservancy of the Rockies","NEON.DOC.014041vK","018-07 ***Thrush is UNBI @ min 2, *first UNBI @min 1 is possibly BHVI;**Second UNBI @min 1 is woodpecker; 018-08 *UNBI @min 6 possibly TUTI","JGLAG"
"a9630643-048f-4dd1-968e-c6c9c058105a","BART_016.birdGrid.brd","D01","BART","BART_016","distributed","5","mixedForest",44.049256,-71.285512,"WGS84",250.1,325.4,0.2,"2021-06-23T09:29Z",,"OK","BART_016.5.2021-06-23",25,25,73,59,"mixed deciduous/evergreen forest",12,0,"Bird Conservancy of the Rockies","NEON.DOC.014041vK","016-05 Near rd. *NOFL was the 'pew' sound; WITU at rd. after pt.; Fem BTBW seen foraging bf pt. (not seen carrying food but possible feeding noises heard near pt. WBNU@ 016-05 IDd in flight; 016-03 SCTA seen from mar car as I was warming up b/f headed to Plot 82;","JGLAG"
"85fd2e31-1a51-40e1-9e19-c6c02283b5ea","BART_016.birdGrid.brd","D01","BART","BART_016","distributed","6","mixedForest",44.049256,-71.285512,"WGS84",250.1,325.4,0.2,"2021-06-23T09:50Z",,"OK","BART_016.6.2021-06-23",25,25,73,59,"deciduous forest",11,0,"Bird Conservancy of the Rockies","NEON.DOC.014041vK","016-05 Near rd. *NOFL was the 'pew' sound; WITU at rd. after pt.; Fem BTBW seen foraging bf pt. (not seen carrying food but possible feeding noises heard near pt. WBNU@ 016-05 IDd in flight; 016-03 SCTA seen from mar car as I was warming up b/f headed to Plot 82;","JGLAG"
"df6554d0-0870-40e7-bac1-e29d669dc596","BART_016.birdGrid.brd","D01","BART","BART_016","distributed","3","mixedForest",44.049256,-71.285512,"WGS84",250.1,325.4,0.2,"2021-06-23T10:07Z",,"OK","BART_016.3.2021-06-23",25,25,73,59,"deciduous forest",12,0,"Bird Conservancy of the Rockies","NEON.DOC.014041vK","016-05 Near rd. *NOFL was the 'pew' sound; WITU at rd. after pt.; Fem BTBW seen foraging bf pt. (not seen carrying food but possible feeding noises heard near pt. WBNU@ 016-05 IDd in flight; 016-03 SCTA seen from mar car as I was warming up b/f headed to Plot 82;","JGLAG"
"b2c1f3ed-953a-4e2f-9a94-2a5dc0e5e4ef","BART_082.birdGrid.brd","D01","BART","BART_082","distributed","9","evergreenForest",44.056702,-71.287159,"WGS84",250.5,292.7,0.8,"2021-06-23T10:38Z",,"OK","BART_082.9.2021-06-23",25,25,73,59,"deciduous forest",13,0,"Bird Conservancy of the Rockies","NEON.DOC.014041vK","082-09 mostly DF right next to stream; 082-05 near stream sound; 082 last BLBW sounded very 'falling' but warbler-like; 082-05 thought I heard brief, short HAWO call; 082-07 UNBI kinda sounded like a loon when they quiver; 082-07 REVI and BHVI; 82-04 BEKI sound - near stream; 82-1 near stream; 82-01 some sort of predator seemed near; 82-03 wind made discerning owl hard; is there one?","JGLAG"
"9ca970f7-47ac-429e-a6ec-e01bf0cf3d96","BART_082.birdGrid.brd","D01","BART","BART_082","distributed","5","evergreenForest",44.056702,-71.287159,"WGS84",250.5,292.7,0.8,"2021-06-23T10:56Z",,"OK","BART_082.5.2021-06-23",25,25,73,59,"evergreen forest",13,0,"Bird Conservancy of the Rockies","NEON.DOC.014041vK","082-09 mostly DF right next to stream; 082-05 near stream sound; 082 last BLBW sounded very 'falling' but warbler-like; 082-05 thought I heard brief, short HAWO call; 082-07 UNBI kinda sounded like a loon when they quiver; 082-07 REVI and BHVI; 82-04 BEKI sound - near stream; 82-1 near stream; 82-01 some sort of predator seemed near; 82-03 wind made discerning owl hard; is there one?","JGLAG"
"7830b34f-286b-4090-90c6-376c48b52041","BART_082.birdGrid.brd","D01","BART","BART_082","distributed","8","evergreenForest",44.056702,-71.287159,"WGS84",250.5,292.7,0.8,"2021-06-23T11:19Z",,"OK","BART_082.8.2021-06-23",25,25,73,59,"deciduous forest",11,0,"Bird Conservancy of the Rockies","NEON.DOC.014041vK","082-09 mostly DF right next to stream; 082-05 near stream sound; 082 last BLBW sounded very 'falling' but warbler-like; 082-05 thought I heard brief, short HAWO call; 082-07 UNBI kinda sounded like a loon when they quiver; 082-07 REVI and BHVI; 82-04 BEKI sound - near stream; 82-1 near stream; 82-01 some sort of predator seemed near; 82-03 wind made discerning owl hard; is there one?","JGLAG"
"da8c089b-4354-4d9c-bd5a-0c1522ad6ced","BART_082.birdGrid.brd","D01","BART","BART_082","distributed","7","evergreenForest",44.056702,-71.287159,"WGS84",250.5,292.7,0.8,"2021-06-23T11:37Z",,"OK","BART_082.7.2021-06-23",25,25,73,59,"evergreen forest",13,0,"Bird Conservancy of the Rockies","NEON.DOC.014041vK","082-09 mostly DF right next to stream; 082-05 near stream sound; 082 last BLBW sounded very 'falling' but warbler-like; 082-05 thought I heard brief, short HAWO call; 082-07 UNBI kinda sounded like a loon when they quiver; 082-07 REVI and BHVI; 82-04 BEKI sound - near stream; 82-1 near stream; 82-01 some sort of predator seemed near; 82-03 wind made discerning owl hard; is there one?","JGLAG"
"f1d2ef97-80c1-4e6e-a620-e0d7a44b4d0b","BART_082.birdGrid.brd","D01","BART","BART_082","distributed","4","evergreenForest",44.056702,-71.287159,"WGS84",250.5,292.7,0.8,"2021-06-23T11:58Z",,"OK","BART_082.4.2021-06-23",25,25,73,59,"mixed deciduous/evergreen forest",12,2,"Bird Conservancy of the Rockies","NEON.DOC.014041vK","082-09 mostly DF right next to stream; 082-05 near stream sound; 082 last BLBW sounded very 'falling' but warbler-like; 082-05 thought I heard brief, short HAWO call; 082-07 UNBI kinda sounded like a loon when they quiver; 082-07 REVI and BHVI; 82-04 BEKI sound - near stream; 82-1 near stream; 82-01 some sort of predator seemed near; 82-03 wind made discerning owl hard; is there one?","JGLAG"
"28ee16c8-3833-4dcc-ab8f-29cd3c7f0fc5","BART_082.birdGrid.brd","D01","BART","BART_082","distributed","1","evergreenForest",44.056702,-71.287159,"WGS84",250.5,292.7,0.8,"2021-06-23T12:24Z",,"OK","BART_082.1.2021-06-23",25,25,73,59,"mixed deciduous/evergreen forest",14,0,"Bird Conservancy of the Rockies","NEON.DOC.014041vK","082-09 mostly DF right next to stream; 082-05 near stream sound; 082 last BLBW sounded very 'falling' but warbler-like; 082-05 thought I heard brief, short HAWO call; 082-07 UNBI kinda sounded like a loon when they quiver; 082-07 REVI and BHVI; 82-04 BEKI sound - near stream; 82-1 near stream; 82-01 some sort of predator seemed near; 82-03 wind made discerning owl hard; is there one?","JGLAG"
"e628a175-46af-4296-81d6-5ae8b807ad54","BART_082.birdGrid.brd","D01","BART","BART_082","distributed","2","evergreenForest",44.056702,-71.287159,"WGS84",250.5,292.7,0.8,"2021-06-23T12:40Z",,"OK","BART_082.2.2021-06-23",25,25,73,59,"deciduous forest",15,1,"Bird Conservancy of the Rockies","NEON.DOC.014041vK","082-09 mostly DF right next to stream; 082-05 near stream sound; 082 last BLBW sounded very 'falling' but warbler-like; 082-05 thought I heard brief, short HAWO call; 082-07 UNBI kinda sounded like a loon when they quiver; 082-07 REVI and BHVI; 82-04 BEKI sound - near stream; 82-1 near stream; 82-01 some sort of predator seemed near; 82-03 wind made discerning owl hard; is there one?","JGLAG"
"d84b6c84-6128-4b55-b501-4f6ef948c290","BART_082.birdGrid.brd","D01","BART","BART_082","distributed","3","evergreenForest",44.056702,-71.287159,"WGS84",250.5,292.7,0.8,"2021-06-23T13:04Z",,"OK","BART_082.3.2021-06-23",25,25,73,59,"mixed deciduous/evergreen forest",14,2,"Bird Conservancy of the Rockies","NEON.DOC.014041vK","082-09 mostly DF right next to stream; 082-05 near stream sound; 082 last BLBW sounded very 'falling' but warbler-like; 082-05 thought I heard brief, short HAWO call; 082-07 UNBI kinda sounded like a loon when they quiver; 082-07 REVI and BHVI; 82-04 BEKI sound - near stream; 82-1 near stream; 82-01 some sort of predator seemed near; 82-03 wind made discerning owl hard; is there one?","JGLAG"
"ba096f7a-2ac2-4fdc-92ff-14956e7f2ddf","BART_082.birdGrid.brd","D01","BART","BART_082","distributed","6","evergreenForest",44.056702,-71.287159,"WGS84",250.5,292.7,0.8,"2021-06-23T13:21Z",,"OK","BART_082.6.2021-06-23",25,25,73,59,"evergreen forest",15,1,"Bird Conservancy of the Rockies","NEON.DOC.014041vK","082-09 mostly DF right next to stream; 082-05 near stream sound; 082 last BLBW sounded very 'falling' but warbler-like; 082-05 thought I heard brief, short HAWO call; 082-07 UNBI kinda sounded like a loon when they quiver; 082-07 REVI and BHVI; 82-04 BEKI sound - near stream; 82-1 near stream; 82-01 some sort of predator seemed near; 82-03 wind made discerning owl hard; is there one?","JGLAG"
"f9af8c9a-0c66-4639-9475-7e7209145038","BART_025.birdGrid.brd","D01","BART","BART_025","distributed","3","evergreenForest",44.060146,-71.315479,"WGS84",250.3,575.8,0.3,"2021-06-24T09:36Z",,"OK","BART_025.3.2021-06-24",13,0,70,52,"mixed deciduous/evergreen forest",11,0,"Bird Conservancy of the Rockies","NEON.DOC.014041vK","NOTE fem PUFI at end of day yesterday @ Plot 82; *025-02 OVEN w/food; 025-05 *sounded like soft warbler chip; *025-08 moved pt ~40m due to sheer rock face; *025-04 UNBI @ m4 louder than BLBW chip I think; *025-07 Krumolz and old med size spruce? while driving out saw hawk on road by 009-01 first impression RSHA then BWHA. Point 8 conducted more than 25 m from original point location due to terrain. Changed point to incomplete due to inaccessible terrain.","JGLAG"
"3929fb1b-b8d0-4dba-83b1-cb1dad3f1e60","BART_025.birdGrid.brd","D01","BART","BART_025","distributed","2","evergreenForest",44.060146,-71.315479,"WGS84",250.3,575.8,0.3,"2021-06-24T10:00Z",,"OK","BART_025.2.2021-06-24",13,0,70,52,"deciduous forest",13,0,"Bird Conservancy of the Rockies","NEON.DOC.014041vK","NOTE fem PUFI at end of day yesterday @ Plot 82; *025-02 OVEN w/food; 025-05 *sounded like soft warbler chip; *025-08 moved pt ~40m due to sheer rock face; *025-04 UNBI @ m4 louder than BLBW chip I think; *025-07 Krumolz and old med size spruce? while driving out saw hawk on road by 009-01 first impression RSHA then BWHA. Point 8 conducted more than 25 m from original point location due to terrain. Changed point to incomplete due to inaccessible terrain.","JGLAG"
"592d464f-fa8e-4232-a8d8-895032af18c4","BART_025.birdGrid.brd","D01","BART","BART_025","distributed","6","evergreenForest",44.060146,-71.315479,"WGS84",250.3,575.8,0.3,"2021-06-24T10:32Z",,"OK","BART_025.6.2021-06-24",13,0,70,52,"mixed deciduous/evergreen forest",14,0,"Bird Conservancy of the Rockies","NEON.DOC.014041vK","NOTE fem PUFI at end of day yesterday @ Plot 82; *025-02 OVEN w/food; 025-05 *sounded like soft warbler chip; *025-08 moved pt ~40m due to sheer rock face; *025-04 UNBI @ m4 louder than BLBW chip I think; *025-07 Krumolz and old med size spruce? while driving out saw hawk on road by 009-01 first impression RSHA then BWHA. Point 8 conducted more than 25 m from original point location due to terrain. Changed point to incomplete due to inaccessible terrain.","JGLAG"
"f35391fd-307c-45b1-a4ae-ef4dc38d5eb9","BART_025.birdGrid.brd","D01","BART","BART_025","distributed","9","evergreenForest",44.060146,-71.315479,"WGS84",250.3,575.8,0.3,"2021-06-24T11:02Z",,"OK","BART_025.9.2021-06-24",13,0,70,52,"mixed deciduous/evergreen forest",15,0,"Bird Conservancy of the Rockies","NEON.DOC.014041vK","NOTE fem PUFI at end of day yesterday @ Plot 82; *025-02 OVEN w/food; 025-05 *sounded like soft warbler chip; *025-08 moved pt ~40m due to sheer rock face; *025-04 UNBI @ m4 louder than BLBW chip I think; *025-07 Krumolz and old med size spruce? while driving out saw hawk on road by 009-01 first impression RSHA then BWHA. Point 8 conducted more than 25 m from original point location due to terrain. Changed point to incomplete due to inaccessible terrain.","JGLAG"
"1653f584-11c5-4965-9150-1cbda3fe553d","BART_025.birdGrid.brd","D01","BART","BART_025","distributed","5","evergreenForest",44.060146,-71.315479,"WGS84",250.3,575.8,0.3,"2021-06-24T11:35Z",,"OK","BART_025.5.2021-06-24",13,0,70,52,"mixed deciduous/evergreen forest",16,0,"Bird Conservancy of the Rockies","NEON.DOC.014041vK","NOTE fem PUFI at end of day yesterday @ Plot 82; *025-02 OVEN w/food; 025-05 *sounded like soft warbler chip; *025-08 moved pt ~40m due to sheer rock face; *025-04 UNBI @ m4 louder than BLBW chip I think; *025-07 Krumolz and old med size spruce? while driving out saw hawk on road by 009-01 first impression RSHA then BWHA. Point 8 conducted more than 25 m from original point location due to terrain. Changed point to incomplete due to inaccessible terrain.","JGLAG"
"7f14c428-d6f1-4961-913b-cd3e2135017d","BART_025.birdGrid.brd","D01","BART","BART_025","distributed","4","evergreenForest",44.060146,-71.315479,"WGS84",250.3,575.8,0.3,"2021-06-24T12:59Z",,"OK","BART_025.4.2021-06-24",13,0,70,52,"evergreen forest",17,0,"Bird Conservancy of the Rockies","NEON.DOC.014041vK","NOTE fem PUFI at end of day yesterday @ Plot 82; *025-02 OVEN w/food; 025-05 *sounded like soft warbler chip; *025-08 moved pt ~40m due to sheer rock face; *025-04 UNBI @ m4 louder than BLBW chip I think; *025-07 Krumolz and old med size spruce? while driving out saw hawk on road by 009-01 first impression RSHA then BWHA. Point 8 conducted more than 25 m from original point location due to terrain. Changed point to incomplete due to inaccessible terrain.","JGLAG"
"4529da06-e66c-425a-820b-690f0285058b","BART_025.birdGrid.brd","D01","BART","BART_025","distributed","7","evergreenForest",44.060146,-71.315479,"WGS84",250.3,575.8,0.3,"2021-06-24T13:38Z",,"OK","BART_025.7.2021-06-24",13,0,70,52,"evergreen forest",18,1,"Bird Conservancy of the Rockies","NEON.DOC.014041vK","NOTE fem PUFI at end of day yesterday @ Plot 82; *025-02 OVEN w/food; 025-05 *sounded like soft warbler chip; *025-08 moved pt ~40m due to sheer rock face; *025-04 UNBI @ m4 louder than BLBW chip I think; *025-07 Krumolz and old med size spruce? while driving out saw hawk on road by 009-01 first impression RSHA then BWHA. Point 8 conducted more than 25 m from original point location due to terrain. Changed point to incomplete due to inaccessible terrain.","JGLAG"
"b59db6e0-faaf-46d2-8c5c-d15cbb41d357","BART_025.birdGrid.brd","D01","BART","BART_025","distributed","8","evergreenForest",44.060146,-71.315479,"WGS84",250.3,575.8,0.3,"2021-06-24T16:00Z","Terrain Unsafe (could not safely approach to within 25 m of point)","logistical","BART_025.8.2021-06-24",,,,,,,,"Bird Conservancy of the Rockies","NEON.DOC.014041vK",,"JGLAG"
"3138fcbf-dbac-437e-ae65-2363a48e6bcd","BART_003.birdGrid.brd","D01","BART","BART_003","distributed","7","deciduousForest",44.054939,-71.263123,"WGS84",250.3,438.5,0.4,"2021-06-25T09:46Z",,"OK","BART_003.7.2021-06-25",63,88,73,68,"deciduous forest",11,0,"Bird Conservancy of the Rockies","NEON.DOC.014041vK","003-0 PIWO call bf count; *003-05 *Couldn't tell if soft sing close or farther across ravine. I could hear song well so I choose close; *kind of drum like foraging-like (UMBI @003-06); Pair of BHVI seen bt 5+4 on way out carrying food; NOFL also called","JGLAG"
"2b97d374-d382-4c31-839c-4d33c1c59e9e","BART_003.birdGrid.brd","D01","BART","BART_003","distributed","8","deciduousForest",44.054939,-71.263123,"WGS84",250.3,438.5,0.4,"2021-06-25T10:08Z",,"OK","BART_003.8.2021-06-25",63,88,73,68,"evergreen forest",11,0,"Bird Conservancy of the Rockies","NEON.DOC.014041vK","003-0 PIWO call bf count; *003-05 *Couldn't tell if soft sing close or farther across ravine. I could hear song well so I choose close; *kind of drum like foraging-like (UMBI @003-06); Pair of BHVI seen bt 5+4 on way out carrying food; NOFL also called","JGLAG"
"d6842ffc-5664-4f28-85a0-9567f9b8836f","BART_003.birdGrid.brd","D01","BART","BART_003","distributed","4","deciduousForest",44.054939,-71.263123,"WGS84",250.3,438.5,0.4,"2021-06-25T10:38Z",,"OK","BART_003.4.2021-06-25",63,88,73,68,"mixed deciduous/evergreen forest",13,0,"Bird Conservancy of the Rockies","NEON.DOC.014041vK","003-0 PIWO call bf count; *003-05 *Couldn't tell if soft sing close or farther across ravine. I could hear song well so I choose close; *kind of drum like foraging-like (UMBI @003-06); Pair of BHVI seen bt 5+4 on way out carrying food; NOFL also called","JGLAG"
"e86d1f63-8e0e-4a79-812f-6218a363775a","BART_003.birdGrid.brd","D01","BART","BART_003","distributed","1","deciduousForest",44.054939,-71.263123,"WGS84",250.3,438.5,0.4,"2021-06-25T11:00Z",,"OK","BART_003.1.2021-06-25",63,88,73,68,"deciduous forest",12,0,"Bird Conservancy of the Rockies","NEON.DOC.014041vK","003-0 PIWO call bf count; *003-05 *Couldn't tell if soft sing close or farther across ravine. I could hear song well so I choose close; *kind of drum like foraging-like (UMBI @003-06); Pair of BHVI seen bt 5+4 on way out carrying food; NOFL also called","JGLAG"
"7098f30e-70b0-40b0-b7ee-6cc5955ebaae","BART_003.birdGrid.brd","D01","BART","BART_003","distributed","2","deciduousForest",44.054939,-71.263123,"WGS84",250.3,438.5,0.4,"2021-06-25T11:24Z",,"OK","BART_003.2.2021-06-25",63,88,73,68,"deciduous forest",13,0,"Bird Conservancy of the Rockies","NEON.DOC.014041vK","003-0 PIWO call bf count; *003-05 *Couldn't tell if soft sing close or farther across ravine. I could hear song well so I choose close; *kind of drum like foraging-like (UMBI @003-06); Pair of BHVI seen bt 5+4 on way out carrying food; NOFL also called","JGLAG"
"d3ea579b-7c41-4a10-adc5-b8f865533cd3","BART_003.birdGrid.brd","D01","BART","BART_003","distributed","5","deciduousForest",44.054939,-71.263123,"WGS84",250.3,438.5,0.4,"2021-06-25T11:51Z",,"OK","BART_003.5.2021-06-25",63,88,73,68,"deciduous forest",13,0,"Bird Conservancy of the Rockies","NEON.DOC.014041vK","003-0 PIWO call bf count; *003-05 *Couldn't tell if soft sing close or farther across ravine. I could hear song well so I choose close; *kind of drum like foraging-like (UMBI @003-06); Pair of BHVI seen bt 5+4 on way out carrying food; NOFL also called","JGLAG"
"2766c8bb-0db9-4434-af8f-57c346c940b6","BART_003.birdGrid.brd","D01","BART","BART_003","distributed","3","deciduousForest",44.054939,-71.263123,"WGS84",250.3,438.5,0.4,"2021-06-25T12:24Z",,"OK","BART_003.3.2021-06-25",63,88,73,68,"mixed deciduous/evergreen forest",13,2,"Bird Conservancy of the Rockies","NEON.DOC.014041vK","003-0 PIWO call bf count; *003-05 *Couldn't tell if soft sing close or farther across ravine. I could hear song well so I choose close; *kind of drum like foraging-like (UMBI @003-06); Pair of BHVI seen bt 5+4 on way out carrying food; NOFL also called","JGLAG"
"ffcf9cc6-e6a0-48fd-a0c5-6366ec9af773","BART_003.birdGrid.brd","D01","BART","BART_003","distributed","6","deciduousForest",44.054939,-71.263123,"WGS84",250.3,438.5,0.4,"2021-06-25T12:54Z",,"OK","BART_003.6.2021-06-25",63,88,73,68,"deciduous forest",14,0,"Bird Conservancy of the Rockies","NEON.DOC.014041vK","003-0 PIWO call bf count; *003-05 *Couldn't tell if soft sing close or farther across ravine. I could hear song well so I choose close; *kind of drum like foraging-like (UMBI @003-06); Pair of BHVI seen bt 5+4 on way out carrying food; NOFL also called","JGLAG"
"271ab39a-86bb-4917-9041-889c16348083","BART_003.birdGrid.brd","D01","BART","BART_003","distributed","9","deciduousForest",44.054939,-71.263123,"WGS84",250.3,438.5,0.4,"2021-06-25T13:24Z",,"OK","BART_003.9.2021-06-25",63,88,73,68,"evergreen forest",15,0,"Bird Conservancy of the Rockies","NEON.DOC.014041vK","003-0 PIWO call bf count; *003-05 *Couldn't tell if soft sing close or farther across ravine. I could hear song well so I choose close; *kind of drum like foraging-like (UMBI @003-06); Pair of BHVI seen bt 5+4 on way out carrying food; NOFL also called","JGLAG"
"d56312bd-b484-458b-a21b-9fa481b2880c","BART_025.birdGrid.brd","D01","BART","BART_025","distributed","1","evergreenForest",44.060146,-71.315479,"WGS84",250.3,575.8,0.3,"2021-06-26T11:45Z",,"OK","BART_025.1.2021-06-26",,88,82,80,"evergreen forest",17,1,"Bird Conservancy of the Rockies","NEON.DOC.014041vK","19T 0314291 UTM 4881407 025-01 Only heard BLPW call once","JGLAG"
"7ae0fec9-0509-4f3d-9940-ac6ca48baf9d","BART_018.birdGrid.brd","D01","BART","BART_018","distributed","2","mixedForest",44.059971,-71.277901,"WGS84",250.1,297.2,0.2,"2021-06-26T13:16Z",,"OK","BART_018.2.2021-06-26",,88,82,80,"mixed deciduous/evergreen forest",20,0,"Bird Conservancy of the Rockies","NEON.DOC.014041vK","BWHA? Screechy?? Raspy; May have been 2 BTNW *UNBI @ 18-2 may have been BTNW but seemed larger like thrush. Investigated but couldn't find; 18-03 in wood but near field","JGLAG"
"a8070950-758a-4e24-b23b-a5b7e5ba14c4","BART_018.birdGrid.brd","D01","BART","BART_018","distributed","3","mixedForest",44.059971,-71.277901,"WGS84",250.1,297.2,0.2,"2021-06-26T13:40Z",,"OK","BART_018.3.2021-06-26",,88,82,80,"mixed deciduous/evergreen forest",22,0,"Bird Conservancy of the Rockies","NEON.DOC.014041vK","BWHA? Screechy?? Raspy; May have been 2 BTNW *UNBI @ 18-2 may have been BTNW but seemed larger like thrush. Investigated but couldn't find; 18-03 in wood but near field","JGLAG"
"37fae2ba-d00e-4dfb-9580-0e838f05a6f3","BART_009.birdGrid.brd","D01","BART","BART_009","distributed","3","deciduousForest",44.054091,-71.299906,"WGS84",250.3,359.7,0.3,"2021-06-28T09:15Z",,"OK","BART_009.3.2021-06-28",0,25,70,63,"deciduous forest",26,1,"Bird Conservancy of the Rockies","NEON.DOC.014041vK","009-03 BWHA bf pt.; 009-09 *UNBI may have been BTNW moved closer; 009-07 *UNBI suspect OVEN *BBCU singing its soft song; 009-01 uphill from stream thought I heard partial AMRE bf and during count; UNBI 009-02 m.6 I suspect BLBW; *009-05 m.3 BCCH? TUTI? REVI? somewhat scolding but tried sounding; 009-06 constant begging heard - quiet but nestling-like (suspect YBSA); BCCH fight?","JGLAG"
"754cd6f4-53fc-4eb5-bc00-e09ed229c101","BART_009.birdGrid.brd","D01","BART","BART_009","distributed","9","deciduousForest",44.054091,-71.299906,"WGS84",250.3,359.7,0.3,"2021-06-28T09:43Z",,"OK","BART_009.9.2021-06-28",0,25,70,63,"evergreen forest",25,1,"Bird Conservancy of the Rockies","NEON.DOC.014041vK","009-03 BWHA bf pt.; 009-09 *UNBI may have been BTNW moved closer; 009-07 *UNBI suspect OVEN *BBCU singing its soft song; 009-01 uphill from stream thought I heard partial AMRE bf and during count; UNBI 009-02 m.6 I suspect BLBW; *009-05 m.3 BCCH? TUTI? REVI? somewhat scolding but tried sounding; 009-06 constant begging heard - quiet but nestling-like (suspect YBSA); BCCH fight?","JGLAG"
"bd4ef8cd-42d9-4bf3-b2c0-dfe171625c4e","BART_009.birdGrid.brd","D01","BART","BART_009","distributed","8","deciduousForest",44.054091,-71.299906,"WGS84",250.3,359.7,0.3,"2021-06-28T10:02Z",,"OK","BART_009.8.2021-06-28",0,25,70,63,"deciduous forest",24,2,"Bird Conservancy of the Rockies","NEON.DOC.014041vK","009-03 BWHA bf pt.; 009-09 *UNBI may have been BTNW moved closer; 009-07 *UNBI suspect OVEN *BBCU singing its soft song; 009-01 uphill from stream thought I heard partial AMRE bf and during count; UNBI 009-02 m.6 I suspect BLBW; *009-05 m.3 BCCH? TUTI? REVI? somewhat scolding but tried sounding; 009-06 constant begging heard - quiet but nestling-like (suspect YBSA); BCCH fight?","JGLAG"
"45c32a3d-2a6f-442b-9466-d9544cbc8edd","BART_009.birdGrid.brd","D01","BART","BART_009","distributed","7","deciduousForest",44.054091,-71.299906,"WGS84",250.3,359.7,0.3,"2021-06-28T10:21Z",,"OK","BART_009.7.2021-06-28",0,25,70,63,"deciduous forest",24,2,"Bird Conservancy of the Rockies","NEON.DOC.014041vK","009-03 BWHA bf pt.; 009-09 *UNBI may have been BTNW moved closer; 009-07 *UNBI suspect OVEN *BBCU singing its soft song; 009-01 uphill from stream thought I heard partial AMRE bf and during count; UNBI 009-02 m.6 I suspect BLBW; *009-05 m.3 BCCH? TUTI? REVI? somewhat scolding but tried sounding; 009-06 constant begging heard - quiet but nestling-like (suspect YBSA); BCCH fight?","JGLAG"
"f38dbe37-d13c-4bf5-a0f9-ad41ebe0e6b8","BART_009.birdGrid.brd","D01","BART","BART_009","distributed","4","deciduousForest",44.054091,-71.299906,"WGS84",250.3,359.7,0.3,"2021-06-28T10:43Z",,"OK","BART_009.4.2021-06-28",0,25,70,63,"deciduous forest",25,3,"Bird Conservancy of the Rockies","NEON.DOC.014041vK","009-03 BWHA bf pt.; 009-09 *UNBI may have been BTNW moved closer; 009-07 *UNBI suspect OVEN *BBCU singing its soft song; 009-01 uphill from stream thought I heard partial AMRE bf and during count; UNBI 009-02 m.6 I suspect BLBW; *009-05 m.3 BCCH? TUTI? REVI? somewhat scolding but tried sounding; 009-06 constant begging heard - quiet but nestling-like (suspect YBSA); BCCH fight?","JGLAG"
"e17a73e0-bcd1-4a6e-95d9-e6fcc1554007","BART_009.birdGrid.brd","D01","BART","BART_009","distributed","1","deciduousForest",44.054091,-71.299906,"WGS84",250.3,359.7,0.3,"2021-06-28T11:04Z",,"OK","BART_009.1.2021-06-28",0,25,70,63,"evergreen forest",25,2,"Bird Conservancy of the Rockies","NEON.DOC.014041vK","009-03 BWHA bf pt.; 009-09 *UNBI may have been BTNW moved closer; 009-07 *UNBI suspect OVEN *BBCU singing its soft song; 009-01 uphill from stream thought I heard partial AMRE bf and during count; UNBI 009-02 m.6 I suspect BLBW; *009-05 m.3 BCCH? TUTI? REVI? somewhat scolding but tried sounding; 009-06 constant begging heard - quiet but nestling-like (suspect YBSA); BCCH fight?","JGLAG"
"a8bdc18e-4a44-4326-be82-1eeded13c087","BART_009.birdGrid.brd","D01","BART","BART_009","distributed","2","deciduousForest",44.054091,-71.299906,"WGS84",250.3,359.7,0.3,"2021-06-28T11:31Z",,"OK","BART_009.2.2021-06-28",0,25,70,63,"deciduous forest",27,3,"Bird Conservancy of the Rockies","NEON.DOC.014041vK","009-03 BWHA bf pt.; 009-09 *UNBI may have been BTNW moved closer; 009-07 *UNBI suspect OVEN *BBCU singing its soft song; 009-01 uphill from stream thought I heard partial AMRE bf and during count; UNBI 009-02 m.6 I suspect BLBW; *009-05 m.3 BCCH? TUTI? REVI? somewhat scolding but tried sounding; 009-06 constant begging heard - quiet but nestling-like (suspect YBSA); BCCH fight?","JGLAG"
"33d6cc68-da7f-4da3-b87a-d80bd84c5890","BART_009.birdGrid.brd","D01","BART","BART_009","distributed","5","deciduousForest",44.054091,-71.299906,"WGS84",250.3,359.7,0.3,"2021-06-28T11:52Z",,"OK","BART_009.5.2021-06-28",0,25,70,63,"deciduous forest",27,2,"Bird Conservancy of the Rockies","NEON.DOC.014041vK","009-03 BWHA bf pt.; 009-09 *UNBI may have been BTNW moved closer; 009-07 *UNBI suspect OVEN *BBCU singing its soft song; 009-01 uphill from stream thought I heard partial AMRE bf and during count; UNBI 009-02 m.6 I suspect BLBW; *009-05 m.3 BCCH? TUTI? REVI? somewhat scolding but tried sounding; 009-06 constant begging heard - quiet but nestling-like (suspect YBSA); BCCH fight?","JGLAG"
"b5af15c2-d5eb-45db-9945-dab97534c52d","BART_009.birdGrid.brd","D01","BART","BART_009","distributed","6","deciduousForest",44.054091,-71.299906,"WGS84",250.3,359.7,0.3,"2021-06-28T12:16Z",,"OK","BART_009.6.2021-06-28",0,25,70,63,"deciduous forest",28,1,"Bird Conservancy of the Rockies","NEON.DOC.014041vK","009-03 BWHA bf pt.; 009-09 *UNBI may have been BTNW moved closer; 009-07 *UNBI suspect OVEN *BBCU singing its soft song; 009-01 uphill from stream thought I heard partial AMRE bf and during count; UNBI 009-02 m.6 I suspect BLBW; *009-05 m.3 BCCH? TUTI? REVI? somewhat scolding but tried sounding; 009-06 constant begging heard - quiet but nestling-like (suspect YBSA); BCCH fight?","JGLAG"
"7461b0a3-d4f0-4c9a-81f8-7fbcb2645256","BART_016.birdGrid.brd","D01","BART","BART_016","distributed","9","mixedForest",44.049256,-71.285512,"WGS84",250.1,325.4,0.2,"2021-06-28T12:58Z",,"OK","BART_016.9.2021-06-28",0,25,70,63,"deciduous forest",28,0,"Bird Conservancy of the Rockies","NEON.DOC.014041vK","016-09 took waypoint ~7m away w/3m acc. lots of cover/saplings; 016-08 lots of young deciduous growth; 016-08 quick visual on CSWA chip - I'm 90% sure male CSWA;YBCU partial song","JGLAG"
"c2b6b29b-a1fb-4453-a24d-34975164e4aa","BART_016.birdGrid.brd","D01","BART","BART_016","distributed","8","mixedForest",44.049256,-71.285512,"WGS84",250.1,325.4,0.2,"2021-06-28T13:23Z",,"OK","BART_016.8.2021-06-28",0,25,70,63,"evergreen forest",28,2,"Bird Conservancy of the Rockies","NEON.DOC.014041vK","016-09 took waypoint ~7m away w/3m acc. lots of cover/saplings; 016-08 lots of young deciduous growth; 016-08 quick visual on CSWA chip - I'm 90% sure male CSWA;YBCU partial song","JGLAG"
"cd42e1bc-320a-4cdc-9879-ea20a796f637","BART_016.birdGrid.brd","D01","BART","BART_016","distributed","7","mixedForest",44.049256,-71.285512,"WGS84",250.1,325.4,0.2,"2021-06-28T13:50Z",,"OK","BART_016.7.2021-06-28",0,25,70,63,"deciduous forest",29,3,"Bird Conservancy of the Rockies","NEON.DOC.014041vK","016-09 took waypoint ~7m away w/3m acc. lots of cover/saplings; 016-08 lots of young deciduous growth; 016-08 quick visual on CSWA chip - I'm 90% sure male CSWA;YBCU partial song","JGLAG"
"a9843f24-01f7-4534-b6a8-c8fb02d5fef9","BART_016.birdGrid.brd","D01","BART","BART_016","distributed","4","mixedForest",44.049256,-71.285512,"WGS84",250.1,325.4,0.2,"2021-06-29T09:42Z",,"OK","BART_016.4.2021-06-29",13,0,82,83,"deciduous forest",23,1,"Bird Conservancy of the Rockies","NEON.DOC.014041vK","NOPA heard ~ 5:20 AM from rd. walking from 5 to 4; 016-01 in a little swamp; RTHU heard bf 016-01 count; MOOSE seen on way from point 1 to 2!!!","JGLAG"
"eaf3c68c-f33b-4950-9ce3-1cb8408312c3","BART_016.birdGrid.brd","D01","BART","BART_016","distributed","1","mixedForest",44.049256,-71.285512,"WGS84",250.1,325.4,0.2,"2021-06-29T10:06Z",,"OK","BART_016.1.2021-06-29",13,0,82,83,"mixed deciduous/evergreen forest",22,1,"Bird Conservancy of the Rockies","NEON.DOC.014041vK","NOPA heard ~ 5:20 AM from rd. walking from 5 to 4; 016-01 in a little swamp; RTHU heard bf 016-01 count; MOOSE seen on way from point 1 to 2!!!","JGLAG"
"66e179e8-8a74-4819-a559-57bba94b1edd","BART_016.birdGrid.brd","D01","BART","BART_016","distributed","2","mixedForest",44.049256,-71.285512,"WGS84",250.1,325.4,0.2,"2021-06-29T10:34Z",,"OK","BART_016.2.2021-06-29",13,0,82,83,"evergreen forest",22,0,"Bird Conservancy of the Rockies","NEON.DOC.014041vK","NOPA heard ~ 5:20 AM from rd. walking from 5 to 4; 016-01 in a little swamp; RTHU heard bf 016-01 count; MOOSE seen on way from point 1 to 2!!!","JGLAG"
